{
  "Workflows": [
    {
      "Path": null,
      "SortBy": 0,
      "VariablesSectionElementsOrder": [],
      "ArgumentsSectionElementsOrder": null,
      "ConstantsSectionElementsOrder": null,
      "AddedNamespaces": null
    },
    {
      "Path": "Code/Error_Mail.xaml",
      "SortBy": 0,
      "VariablesSectionElementsOrder": null,
      "ArgumentsSectionElementsOrder": null,
      "ConstantsSectionElementsOrder": null,
      "AddedNamespaces": null
    },
    {
      "Path": "Main.xaml",
      "SortBy": 0,
      "VariablesSectionElementsOrder": [],
      "ArgumentsSectionElementsOrder": [
        "Proceed",
        "Out_Config",
        "Folder_Path"
      ],
      "ConstantsSectionElementsOrder": null,
      "AddedNamespaces": null
    },
    {
      "Path": "Code/Dot_Net Login.xaml",
      "SortBy": 0,
      "VariablesSectionElementsOrder": [
        "exists&Sequence_111",
        "exists&Sequence_155",
        "dt&Sequence_112",
        "exist&Sequence_121",
        "today&Sequence_115",
        "today_date&Sequence_115",
        "today&Sequence_119",
        "today_date&Sequence_119",
        "save&Sequence_119",
        "punching&Sequence_119",
        "exist&Sequence_137",
        "today&Sequence_123",
        "today_date&Sequence_123",
        "paperless&Sequence_128",
        "today&Sequence_127",
        "today_date&Sequence_127",
        "save&Sequence_127",
        "tb_col&Sequence_136",
        "tb_row&Sequence_136",
        "exist&Sequence_136",
        "today&Sequence_129",
        "today_date&Sequence_129",
        "paperless&Sequence_134",
        "today&Sequence_133",
        "today_date&Sequence_133",
        "save&Sequence_133",
        "tb_col&Sequence_146",
        "tb_row&Sequence_146",
        "exist&Sequence_146",
        "today&Sequence_140",
        "today_date&Sequence_140",
        "loslms&Sequence_145",
        "today&Sequence_144",
        "today_date&Sequence_144",
        "save&Sequence_144"
      ],
      "ArgumentsSectionElementsOrder": [
        "Arg_Status",
        "In_Config",
        "Folder_path"
      ],
      "ConstantsSectionElementsOrder": null,
      "AddedNamespaces": null
    },
    {
      "Path": "Code/Outlook_Mail.xaml",
      "SortBy": 0,
      "VariablesSectionElementsOrder": [
        "dt&Sequence_3",
        "count&TryCatch_1",
        "direct&TryCatch_1",
        "Folder_path&Sequence_1",
        "path_e&Sequence_1",
        "zip&Sequence_9",
        "Image&Sequence_4",
        "image1&Sequence_4",
        "image2&Sequence_4",
        "subject&Sequence_4",
        "todaydate&Sequence_4",
        "body&Sequence_4",
        "mail_to&Sequence_4",
        "variable1&Sequence_4",
        "mail_cc&Sequence_4",
        "file&Sequence_4",
        "Image&Sequence_11",
        "image1&Sequence_11",
        "image2&Sequence_11",
        "subject&Sequence_11",
        "todaydate&Sequence_11",
        "body&Sequence_11",
        "mail_to&Sequence_11",
        "variable1&Sequence_11",
        "mail_cc&Sequence_11",
        "file&Sequence_11"
      ],
      "ArgumentsSectionElementsOrder": [
        "Arg_Status",
        "Folder_path",
        "inconfig"
      ],
      "ConstantsSectionElementsOrder": null,
      "AddedNamespaces": null
    },
    {
      "Path": "Init Module/InitAllSettings.xaml",
      "SortBy": 0,
      "VariablesSectionElementsOrder": [
        "configTable&Sequence_3"
      ],
      "ArgumentsSectionElementsOrder": [
        "Out_Config",
        "in_ConfigSheets",
        "in_ConfigFile",
        "Arg_Status",
        "Folder_path",
        "Today_Date"
      ],
      "ConstantsSectionElementsOrder": null,
      "AddedNamespaces": null
    },
    {
      "Path": "Excel Module/Read_Excel.xaml",
      "SortBy": 0,
      "VariablesSectionElementsOrder": [],
      "ArgumentsSectionElementsOrder": [
        "out_DataTable",
        "in_WorkbookPath",
        "in_SheetName",
        "in_AddHeaders",
        "in_CellAddress"
      ],
      "ConstantsSectionElementsOrder": null,
      "AddedNamespaces": null
    },
    {
      "Path": "Code/OGL.xaml",
      "SortBy": 0,
      "VariablesSectionElementsOrder": [
        "exist4&Sequence_2",
        "ogl_img&Sequence_8",
        "today_date&Sequence_8",
        "element&Sequence_2",
        "Today_date&Sequence_5",
        "ogl_img&Sequence_6",
        "today_date&Sequence_6"
      ],
      "ArgumentsSectionElementsOrder": [
        "Folder_Path",
        "Arg_Status",
        "In_Config"
      ],
      "ConstantsSectionElementsOrder": null,
      "AddedNamespaces": null
    },
    {
      "Path": "Code/CGL.xaml",
      "SortBy": 0,
      "VariablesSectionElementsOrder": [
        "today&Sequence_25",
        "today_date&Sequence_25",
        "save&Sequence_25",
        "punching&Sequence_25",
        "today&Sequence_21",
        "today_date&Sequence_21",
        "save&Sequence_21",
        "punching&Sequence_21",
        "today_date&Sequence_20",
        "e_path&Sequence_7",
        "Path1&TryCatch_1",
        "DB&Sequence_16",
        "CGL_Report&Sequence_16",
        "rd&Sequence_6",
        "readdt&Sequence_6",
        "row&Sequence_6",
        "today_date&Sequence_12",
        "today_date&Sequence_13"
      ],
      "ArgumentsSectionElementsOrder": [
        "Arg_Status",
        "In_Config",
        "Folder_Path"
      ],
      "ConstantsSectionElementsOrder": null,
      "AddedNamespaces": null
    },
    {
      "Path": "Code/Paperless_Report.xaml",
      "SortBy": 0,
      "VariablesSectionElementsOrder": [
        "today&Sequence_13",
        "today_date&Sequence_13",
        "save&Sequence_13",
        "today&Sequence_40",
        "today_date&Sequence_40",
        "save&Sequence_40",
        "punching&Sequence_40",
        "today&Sequence_36",
        "today_date&Sequence_36",
        "save&Sequence_36",
        "punching&Sequence_36",
        "exist&Sequence_2",
        "exist1&Sequence_2",
        "paperless&Sequence_3",
        "today&Sequence_4",
        "today_date&Sequence_4",
        "save&Sequence_4",
        "today&Sequence_5",
        "today_date&Sequence_5",
        "paperless&Sequence_6",
        "today&Sequence_7",
        "today_date&Sequence_7",
        "save&Sequence_7",
        "tb_col&Sequence_8",
        "tb_row&Sequence_8",
        "exist&Sequence_8",
        "exist2&Sequence_8",
        "today&Sequence_11",
        "today_date&Sequence_11",
        "paperless&Sequence_12"
      ],
      "ArgumentsSectionElementsOrder": [
        "Folder_path",
        "In_Config",
        "ARG_STATUS"
      ],
      "ConstantsSectionElementsOrder": null,
      "AddedNamespaces": null
    },
    {
      "Path": "Code/Punching_report.xaml",
      "SortBy": 0,
      "VariablesSectionElementsOrder": [
        "exists&Sequence_18",
        "exists&Sequence_19",
        "dt&Sequence_20",
        "exist1&Sequence_11",
        "today&Sequence_12",
        "today_date&Sequence_12",
        "save&Sequence_12",
        "punching&Sequence_12",
        "exist&Sequence_2",
        "today&Sequence_3",
        "today_date&Sequence_3",
        "today&Sequence_4",
        "today_date&Sequence_4",
        "save&Sequence_4",
        "punching&Sequence_4"
      ],
      "ArgumentsSectionElementsOrder": [
        "Folder_path",
        "In_Config",
        "Arg_Status"
      ],
      "ConstantsSectionElementsOrder": null,
      "AddedNamespaces": null
    },
    {
      "Path": "Code/Los_Lms.xaml",
      "SortBy": 0,
      "VariablesSectionElementsOrder": [
        "exist3&Sequence_2",
        "loslms&Sequence_3",
        "today&Sequence_4",
        "today_date&Sequence_4",
        "save&Sequence_4",
        "tb_col&Sequence_5",
        "tb_row&Sequence_5",
        "exist&Sequence_5",
        "today&Sequence_6",
        "today_date&Sequence_6",
        "loslms&Sequence_7",
        "today&Sequence_8",
        "today_date&Sequence_8",
        "save&Sequence_8"
      ],
      "ArgumentsSectionElementsOrder": [
        "In_Config",
        "Folder_path",
        "ARG_STATUS"
      ],
      "ConstantsSectionElementsOrder": null,
      "AddedNamespaces": null
    }
  ]
}