{
  "Workflows": [
    {
      "Path": null,
      "SortBy": 0,
      "VariablesSectionElementsOrder": [],
      "ArgumentsSectionElementsOrder": null,
      "ConstantsSectionElementsOrder": null,
      "AddedNamespaces": null
    },
    {
      "Path": "CODE/DB_Download.xaml",
      "SortBy": 0,
      "VariablesSectionElementsOrder": [
        "DB_OUT&Sequence_2"
      ],
      "ArgumentsSectionElementsOrder": [
        "arg_status",
        "db",
        "folder_path"
      ],
      "ConstantsSectionElementsOrder": null,
      "AddedNamespaces": null
    },
    {
      "Path": "Main.xaml",
      "SortBy": 0,
      "VariablesSectionElementsOrder": [],
      "ArgumentsSectionElementsOrder": [],
      "ConstantsSectionElementsOrder": null,
      "AddedNamespaces": null
    },
    {
      "Path": "CODE/DB_Dwnld.xaml",
      "SortBy": 0,
      "VariablesSectionElementsOrder": [
        "DB_OUT&Sequence_2"
      ],
      "ArgumentsSectionElementsOrder": [
        "folder_path",
        "db",
        "arg_status"
      ],
      "ConstantsSectionElementsOrder": null,
      "AddedNamespaces": null
    },
    {
      "Path": "DB_Download.xaml",
      "SortBy": 0,
      "VariablesSectionElementsOrder": [
        "dbout&Sequence_3",
        "db&Sequence_2"
      ],
      "ArgumentsSectionElementsOrder": [],
      "ConstantsSectionElementsOrder": null,
      "AddedNamespaces": null
    }
  ]
}